2023-07-16 18:09:36.726000;Разное;DU0010366;Цифровой уклономер HOLEX;ЕКБ;467564;HOLEX;73653-18;Калибровка;12;133178(0005);2023-05-10;2024-05-09;ОС 1.4;0;;1;СЦ-Ормет;"УНИИМ - филиал ФГУП ""ВНИИМ им. Д.И. Менделеева""";251
2023-07-16 18:09:36.726001;Разное;DU0010366;Цифровой уклономер HOLEX;ЧЛБ;467564;HOLEX;73653-18;Калибровка;12;HF1903;2023-06-27;2024-06-26;офис;0;;1;СЦ-Ормет;"УНИИМ - филиал ФГУП ""ВНИИМ им. Д.И. Менделеева""";299
2023-07-16 18:09:36.726002;Разное;DU0010366;Цифровой уклономер HOLEX;Пермь;467564;HOLEX;73653-18;Калибровка;12;62;2023-02-17;2024-02-16;S 1.7;0;;1;Метрология и сервис;"ФБУ""Пермский ЦСМ""";168
2023-07-16 18:09:36.726003;Разное;A2V00002731789;Измеритель натяжения ремня Optibelt TT mini;ЕКБ;TT mini;Optibelt;;Калибровка;12;1000091937274;2023-02-16;2024-02-15;ОС 1.4;1;;1;СЦ-Ормет;СЦ-Ормет;167
2023-07-16 18:09:36.726004;Разное;A2V00002731789;Измеритель натяжения ремня Optibelt TT mini;ЧЛБ;TT mini;Optibelt;;Калибровка;12;1000092032207;2023-06-09;2024-06-08;склад;0;;1;СЦ-Ормет;СЦ-Ормет;281
2023-07-16 18:09:36.726005;Разное;KP00007487;Измеритель влажности и температуры ИВТМ-7 К-Д;ЕКБ;ИВТМ-7 К-Д;ЭКСИС;71394-18;Поверка;12;45768;2023-06-16;2024-06-15;ОС 1.2;1;;1;Метрология и сервис;"ООО НПК ""Эталон-Тест""";288
2023-07-16 18:09:36.726006;Разное;KP00007487;Измеритель влажности и температуры ИВТМ-7 К-Д;Пермь;ИВТМ-7 К-Д;ЭКСИС;71394-18;Поверка;12;83463;2023-05-31;2024-05-30;S 2.1;0;;1;"НПК ""Эталон-Тест""";"НПК ""Эталон-Тест""";272
2023-07-16 18:09:36.726007;Разное;КР00003653;Электронный цифровой секундомер Vogel IP54 ;ЕКБ;580505;VOGEL;;Калибровка;12;2106310;2023-03-27;2024-03-26;ОС 1.4;0;;1;СЦ-Ормет;СЦ-Ормет;207
2023-07-16 18:09:36.726008;Разное;KP00003653;Электронный цифровой секундомер Vogel IP54 ;ЧЛБ;JS-505;VOGEL;;Калибровка;12;580505;2023-06-19;2024-06-18;офис;0;;1;СЦ-Ормет;"ФБУ ""Тюменский СЦМ""";291
2023-07-16 18:09:36.726009;Разное;;Секундомер электронный ИНТЕГРАЛ С-01;Пермь;ИНТЕГРАЛ С-01;ИНТЕГРАЛ;;Поверка;12;445291;2023-02-07;2024-02-06;-;0;;1;Интеграл;Интеграл;158
2023-07-16 18:09:36.726010;Разное;A2V00001663583;Рефрактометр Master-BR;ЕКБ;Master-BR;Atago;63264-16;Калибровка;12;0447995;2021-08-16;2022-08-16;ОС 1.4;0;;1;СЦ-Ормет;"ФБУ ""РОСТЕСТ-МОСКВА""";-381
2023-07-16 18:09:36.726011;Разное;KP00001613;Рефрактометр ручной;ЧЛБ;0-32;Хоффманн Профессиональный Инструмент;;Калибровка;12;84350;2023-06-23;2024-06-22;склад;0;;1;СЦ-Ормет;"ФБУ ""Тюменский СЦМ""";295
2023-07-16 18:09:36.726012;Разное;ЗП-00000301;"Рефрактометр ""Мегеон""";Пермь;;Мегеон;;Калибровка;12;55658;2023-04-11;2024-04-10;-;0;;1;Метрология и сервис;"ФБУ ""Пермский ЦСМ""";222
2023-07-16 18:09:36.726013;Разное;ЗП-00000301;"Рефрактометр ""Мегеон""";Пермь;;Мегеон;;Калибровка;12;55656;2023-06-01;2024-05-31;-;0;;1;Метрология и сервис;"ФБУ ""Пермский ЦСМ""";273
2023-07-16 18:09:36.726014;Разное;A2V00001453139;Измеритель усилия зажатия Drive Test;ЕКБ;;Drive Test;;Калибровка;12;00294.0847.С;2023-05-15;2024-05-14;есть;0;Кухня;1;Автопрогресс - М;Автопрогресс-М;256
2023-07-16 18:09:36.726015;Разное;KP00004177;Преобразователь давления эталонный;ЧЛБ;ПДЭ-020И;"НПП ""ЭЛЕМЕР""";58668-14;Поверка;24;2512534;2023-08-01;2025-07-31;склад;0;;1;Проммаш тест метрология;Проммаш тест метрология;699
2023-07-16 18:09:36.726016;Разное;KP00004177;Преобразователь давления эталонный;ЧЛБ;ПДЭ-020И;"НПП ""ЭЛЕМЕР""";58668-14;Поверка;24;2512544;2023-08-01;2025-07-31;склад;0;;1;Проммаш тест метрология;Проммаш тест метрология;699
2023-07-16 18:09:36.726017;Динамометрические ключи, отвертки, безмены;KP00009129;Безмен тип СН 15кг (для песка);ЕКБ;CH15K20;KERN;;Калибровка;12;WD200032942;2023-05-19;2024-05-18;ОС 1.4;1;;1;СЦ-Ормет;"ФБУ ""ТЕСТ-С.-Петербург""";260
2023-07-16 18:09:36.726018;Динамометрические ключи, отвертки, безмены;ПО-000013;"Цифровой динамометр ""Мегеон"" 0-100 Н";Пермь;;Мегеон;;Калибровка;12;57134;2023-06-16;2024-06-15;S 1.7;0;;1;Метрология и сервис;"ФБУ ""Пермский ЦСМ""";288
2023-07-16 18:09:36.726019;Динамометрические ключи, отвертки, безмены;ПО-000013;"Цифровой динамометр ""Мегеон"" 0-100 Н";Пермь;;Мегеон;;Калибровка;12;57143;2023-04-20;2024-04-19;S 1.7;0;;1;Метрология и сервис;"ФБУ ""Пермский ЦСМ""";231
2023-07-16 18:09:36.726020;Динамометрические ключи, отвертки, безмены;KP00003243;Динамометр растяжения PESOLA Macro-Line 20-200Nm;ЕКБ;80196;PESOLA ;13782-68;Калибровка;12;001N;2023-04-27;2024-04-26;ОС 1.3;0;;1;СЦ-Ормет;"ФБУ ""УРАЛТЕСТ""";238
2023-07-16 18:09:36.726021;Динамометрические ключи, отвертки, безмены;KP00003243;Динамометр растяжения PESOLA Macro-Line 20-200Nm;ЕКБ;80196;PESOLA;13782-68;Калибровка;12;3;2023-03-07;2024-03-06;ОС 1.3;0;;1;СЦ-Ормет;"ФБУ ""УРАЛТЕСТ""";187
2023-07-16 18:09:36.726022;Динамометрические ключи, отвертки, безмены;KP00003243;Динамометр растяжения PESOLA Macro-Line 20-200Nm;ЧЛБ;80196;Pesola;13782-68;Калибровка;12;105;2023-06-26;2024-06-25;склад;0;;1;СЦ-Ормет;"ФБУ ""УРАЛТЕСТ""";298
2023-07-16 18:09:36.726023;Динамометрические ключи, отвертки, безмены;KP00003243;Динамометр растяжения PESOLA Macro-Line 20-200Nm;ЧЛБ;80196;Pesola;13782-68;Калибровка;12;106;2023-08-02;2024-08-01;склад;0;;1;Проммаш тест метрология;Проммаш тест метрология;335
2023-07-16 18:09:36.726024;Динамометрические ключи, отвертки, безмены;KP00003243;Динамометр растяжения PESOLA Macro-Line 20-200Nm;Пермь;80196;Pesola;13782-68;Калибровка;12;HF05/19;2023-03-14;2024-03-13;S 1.8;0;;1;Метрология и сервис;"ФБУ ""Пермский ЦСМ""";194
2023-07-16 18:09:36.726025;Динамометрические ключи, отвертки, безмены;KP00003243;Динамометр растяжения PESOLA Macro-Line 20-200Nm;Пермь;80196;Pesola;13782-68;Калибровка;12;HF1802-1;2023-04-20;2024-04-19;S 1.8;0;;1;Метрология и сервис;"ФБУ ""Пермский ЦСМ""";231
2023-07-16 18:09:36.726026;Динамометрические ключи, отвертки, безмены;KP00007476;Отвертка динамометрическая WURTH 1,0-3,5Nm;ЕКБ;;WURTH;;Калибровка;12;110001;2023-04-19;2024-04-18;ОС 1.3;0;;1;СЦ-Ормет;СЦ-Ормет;230
2023-07-16 18:09:36.726027;Динамометрические ключи, отвертки, безмены;KP00009324;Динамометрический ключ HAZET 6108-1CT 2-10 Нм;Пермь;;HAZET;;Поверка;12;21-1638001;2023-02-15;2024-02-14;S 1.8;0;;1;"ФБУ ""Омский ЦСМ""";"ФБУ ""Омский ЦСМ""";166
2023-07-16 18:09:36.726028;Динамометрические ключи, отвертки, безмены;KP00003083;Ключ динамометрический предельный TORCOFIX  5-25Nm;ЕКБ;;TORCOFIX;69185-17;Поверка;12;T030012;2023-04-19;2024-04-18;ОС 1.3;0;;1;СЦ-Ормет;СЦ-Ормет;230
2023-07-16 18:09:36.726029;Динамометрические ключи, отвертки, безмены;;Ключ динамометрический предельный WURTH 4-20Nm;ЕКБ;;WURTH;;Калибровка;12;159491;2023-02-22;2024-02-21;ОС 1.3;0;;1;СЦ-Ормет;СЦ-Ормет;173
2023-07-16 18:09:36.726030;Динамометрические ключи, отвертки, безмены;KP00003083;Ключ динамометрический предельный NORGAU NTW21-002R 5-25Nm;ЕКБ;NTW21-002R;NORGAU;60307-15;Поверка;12;170908005049;2023-07-11;2024-07-10;ОС 1.2;0;;1;СЦ-Ормет;СЦ-Ормет;313
2023-07-16 18:09:36.726031;Динамометрические ключи, отвертки, безмены;KP00003083;Ключ динамометрический предельный NORGAU NTW21-002R 5-25Nm;Пермь;NTW21-002R;NORGAU;60307-15;Поверка;12;170908005045;2023-02-15;2024-02-14;S 1.9;0;;1;"ФБУ ""Омский ЦСМ""";"ФБУ ""Омский ЦСМ""";166
2023-07-16 18:09:36.726032;Динамометрические ключи, отвертки, безмены;KP00006667;Ключ динамометрический предельный NORGAU NTW21-002R 5-25Nm;ЧЛБ;NTW21-002R;NORGAU;81078-20;Поверка;12;2007150010061;2023-05-30;2024-05-29;склад;0;;1;СЦ-Ормет;СЦ-Ормет;271
2023-07-16 18:09:36.726033;Динамометрические ключи, отвертки, безмены;KP00006667;Ключ динамометрический предельный NORGAU NTW21-002R 5-25Nm;ЧЛБ;NTW21-002R;NORGAU;81078-20;Поверка;12;2007150010053;2023-08-02;2024-08-01;склад;0;;1;Проммаш тест метрология;Проммаш тест метрология;335
2023-07-16 18:09:36.726034;Динамометрические ключи, отвертки, безмены;;Ключ динамометрический предельный GARANT  656050_60 10-60Nm;ЕКБ;656050 60;GARANT;52231-12;Поверка;12;SN14-385244;2023-07-12;2024-07-11;ОС 1.2;0;;1;СЦ-Ормет;СЦ-Ормет;314
2023-07-16 18:09:36.726035;Динамометрические ключи, отвертки, безмены;KP00003120;Динамометрический ключ Norgau NTW22-010R 20-100 Нм;Пермь;NTW22-010R;NORGAU;60307-15;Поверка;12;170224003030;2023-03-16;2024-03-15;S 1.9;0;;1;"ФБУ ""Омский ЦСМ""";"ФБУ ""Омский ЦСМ""";196
2023-07-16 18:09:36.726036;Динамометрические ключи, отвертки, безмены;KP00007939;Ключ динамометрический предельный NORGAU NTW23-010I 20-100Nm;ЕКБ;NTW23-010I;NORGAU;60307-15;Поверка;12;170908006072;2023-02-22;2024-02-21;ОС 1.2;0;;1;СЦ-Ормет;СЦ-Ормет;173
2023-07-16 18:09:36.726037;Динамометрические ключи, отвертки, безмены;KP00003120;Ключ динамометрический предельный NORGAU NTW23-010R 20-100Nm;ЕКБ;NTW23-010R;NORGAU;60307-15;Поверка;12;170415014137;2023-07-12;2024-07-11;ОС 1.2;0;;1;СЦ-Ормет;СЦ-Ормет;314
2023-07-16 18:09:36.726038;Динамометрические ключи, отвертки, безмены;KP00003120;Ключ динамометрический предельный NORGAU NTW23-010R 20-100Nm;ЕКБ;NTW23-010R;NORGAU;60307-15;Поверка;12;170707022216;2023-07-11;2024-07-10;ОС 1.2;0;;1;СЦ-Ормет;СЦ-Ормет;313
2023-07-16 18:09:36.726039;Динамометрические ключи, отвертки, безмены;KP00003120;Динамометрический ключ Norgau NTW23-010R, 60307-15 20-100 Нм;Пермь;NTW23-010R;NORGAU;60307-15;Поверка;12;170415014088;2023-03-16;2024-03-15;S 1.9;0;;1;"ФБУ ""Омский ЦСМ""";"ФБУ ""Омский ЦСМ""";196
2023-07-16 18:09:36.726040;Динамометрические ключи, отвертки, безмены;KP00007939;Динамометрический ключ Norgau NTW23-010I 20-100 Нм;Пермь;NTW23-010I;NORGAU;60307-15;Поверка;12;170908006103;2023-02-01;2024-01-31;S 1.9;0;;1;"ФБУ ""Омский ЦСМ""";"ФБУ ""Омский ЦСМ""";152
2023-07-16 18:09:36.726041;Динамометрические ключи, отвертки, безмены;;Ключ динамометрический предельный NORGAU NTW23-010I 20-100Nm;ЕКБ;NTW23-010I;NORGAU;60307-15;Поверка;12;170908006114;2023-07-11;2024-07-10;ОС 1.2;0;;1;СЦ-Ормет;СЦ-Ормет;313
2023-07-16 18:09:36.726042;Динамометрические ключи, отвертки, безмены;;Ключ динамометрический предельный NORGAU NTW23-010I 20-100Nm;ЕКБ;NTW23-010I;NORGAU;60307-15;Поверка;12;170908006074;2023-07-11;2024-07-10;ОС 1.2;0;;1;СЦ-Ормет;СЦ-Ормет;313
2023-07-16 18:09:36.726043;Динамометрические ключи, отвертки, безмены;KP00004850;Ключ динамометрический предельный NORGAU NTW23-010I 20-100Nm;ЧЛБ;NTW23-010I;NORGAU;81078-20;Поверка;12;2008310020218;2023-05-29;2024-05-28;склад;0;;1;СЦ-Ормет;СЦ-Ормет;270
2023-07-16 18:09:36.726044;Динамометрические ключи, отвертки, безмены;KP00004850;Ключ динамометрический предельный NORGAU NTW23-010I 20-100Nm;ЧЛБ;NTW23-010I;NORGAU;81078-20;Поверка;12;2008310020388;2023-08-02;2024-08-01;склад;0;;1;Проммаш тест метрология;Проммаш тест метрология;335
2023-07-16 18:09:36.726045;Динамометрические ключи, отвертки, безмены;;Ключ динамометрический предельный GARANT  656055_120 20-120Nm;ЕКБ;656055120;GARANT;52231-12;Поверка;12;N14-431186;2022-03-23;2023-03-22;-;0;;1;;;-163
2023-07-16 18:09:36.726046;Динамометрические ключи, отвертки, безмены;;Ключ динамометрический предельный GARANT  656055_120 20-120Nm;ЕКБ;656055120;GARANT;52231-12;Поверка;12;SN15-173532;2023-07-12;2024-07-11;ОС 1.2;0;;1;СЦ-Ормет;СЦ-Ормет;314
2023-07-16 18:09:36.726047;Динамометрические ключи, отвертки, безмены;;Динамометрический ключ Stahlwille Manoskop 30-150 Нм;Пермь;;Stahlwille;;поверка;12;614352073;2023-03-16;2024-03-15;S 1.9;0;;1;Метрология и сервис;"ФБУ ""Пермский ЦСМ""";196
2023-07-16 18:09:36.726048;Динамометрические ключи, отвертки, безмены;KP00003092;Ключ динамометрический предельный NORGAU NTW24-020I 40-200Nm;ЕКБ;NTW24-020I;NORGAU;60307-15;Поверка;12;170908006173;2023-04-19;2024-04-18;ОС 1.2;0;;1;СЦ-Ормет;СЦ-Ормет;230
2023-07-16 18:09:36.726049;Динамометрические ключи, отвертки, безмены;KP00003092;Ключ динамометрический предельный NORGAU NTW24-020I 40-200Nm;ЕКБ;NTW24-020I;NORGAU;60307-15;Поверка;12;170908006210;2023-07-12;2024-07-11;ОС 1.2;0;;1;СЦ-Ормет;СЦ-Ормет;314
2023-07-16 18:09:36.726050;Динамометрические ключи, отвертки, безмены;KP00003092;Динамометрический ключ Norgau NTW24-020I 40-200 Нм;Пермь;NTW24-020I;NORGAU;60307-15;поверка;12;170908006216;2023-03-16;2024-03-15;S 1.9;0;;1;Метрология и сервис;"ФБУ ""Пермский ЦСМ""";196
2023-07-16 18:09:36.726051;Динамометрические ключи, отвертки, безмены;KP00003092;Динамометрический ключ Norgau NTW24-020I 40-200 Нм;Пермь;NTW24-020I;NORGAU;60307-15;поверка;12;170908006243;2023-03-16;2024-03-15;S 1.9;0;;1;Метрология и сервис;"ФБУ ""Пермский ЦСМ""";196
2023-07-16 18:09:36.726052;Динамометрические ключи, отвертки, безмены;DU0010356;Ключ динамометрический предельный GARANT  40-200Nm;ЕКБ;656055200;GARANT;52231-12;Поверка;12;15-331007;2023-02-22;2024-02-21;ОС 1.3;0;;1;СЦ-Ормет;СЦ-Ормет;173
2023-07-16 18:09:36.726053;Динамометрические ключи, отвертки, безмены;KP00003121;Ключ динамометрический предельный 40-200Nm;ЧЛБ; DMZ 200;Gedore;56015-13;Поверка;12;B096597;2023-05-29;2024-05-28;склад;0;;1;СЦ-Ормет;СЦ-Ормет;270
2023-07-16 18:09:36.726054;Динамометрические ключи, отвертки, безмены;KP00003121;Ключ динамометрический предельный 40-200Nm;ЧЛБ; DMZ 200;Gedore;56015-13;Поверка;12;B096598;2023-08-02;2024-08-01;склад;0;;1;Проммаш тест метрология;Проммаш тест метрология;335
2023-07-16 18:09:36.726055;Динамометрические ключи, отвертки, безмены;;Ключ динамометрический предельный STAHLWILLE MANOSKOP 721NF 160-800 Nm;ЕКБ;721NF;STAHLWILLE;;Калибровка;12;612244022;2023-02-22;2024-02-21;скворечник;0;;1;СЦ-Ормет;СЦ-Ормет;173
2023-07-16 18:09:36.726056;Динамометрические ключи, отвертки, безмены;;Динамометрический ключ Stahlwille Manoskop 160-800 Нм;Пермь;721NF;STAHLWILLE;;Поверка;12;612237596;2021-01-01;2022-01-01;-;0;;1;Метрология и сервис;"ФБУ ""Пермский ЦСМ""";-608
2023-07-16 18:09:36.726057;Динамометрические ключи, отвертки, безмены;KP00003178;Ключ динамометрический предельный JTC AUTO LINK 6906 140-840Nm;ЕКБ;JTC-6906;JTC AUTO TOOLS;;Калибровка;12;2111609769;2021-11-28;2022-11-27;ОС 1.1;0;;1;JTC AUTO;JTC AUTO;-278
2023-07-16 18:09:36.726058;Термометры;КР00003300;Термометр инфракрасный Testo 830-T4;ЕКБ;Testo 830-T4;TESTO;51475-12;Поверка;12;42029342/0421;2023-02-27;2024-02-26;ОС 1.1;0;;1;СЦ-Ормет;МетрЛифтСервис;178
2023-07-16 18:09:36.726059;Термометры;КР00003300;Термометр инфракрасный Testo 830-T4;ЕКБ;Testo 830-T4;TESTO;51475-12;Поверка;12;42028890/0221;2023-05-02;2024-05-01;ОС 1.1;0;;1;СЦ-Ормет;"ФБУ ""РОСТЕСТ-МОСКВА""";243
2023-07-16 18:09:36.726060;Термометры;KP00003300;Термометр инфракрасный Testo 830-T4;ЧЛБ;Testo 830-T4;TESTO;51475-12;Поверка;12;42027691/1020;2023-05-31;2024-05-30;офис;0;;1;СЦ-Ормет;ИНЭКС СЕРТ;272
2023-07-16 18:09:36.726061;Термометры;KP00003300;Термометр инфракрасный Testo 830-T4;Пермь;Testo 830-T4;TESTO;51475-12;Поверка;12;42004752/310;2023-03-17;2024-03-16;S 1.7;0;;1;Метрология и сервис;"ФБУ ""Пермский ЦСМ""";197
2023-07-16 18:09:36.726062;Термометры;KP00003289;Термогигрометр TESTO 608-H2;ЕКБ;Testo 608-H2;TESTO;53505-13;Поверка;12;83274739;2023-03-10;2024-03-09;Кухня;0;;1;СЦ-Ормет;"ФБУ ""УРАЛТЕСТ""";190
2023-07-16 18:09:36.726063;Термометры;KP00003289;Термогигрометр TESTO 608-H2;ЕКБ;Testo 608-H3;TESTO;53505-13;Поверка;12;83275270;2023-07-26;2024-07-25;ОС 1.4;0;;1;СЦ-Ормет;"ФБУ ""УРАЛТЕСТ""";328
2023-07-16 18:09:36.726064;Термометры;KP00005517;Штангенциркуль для внутренних канавок типа ШЦЦ-ВК 60-660;ЕКБ;ШЦЦ-ВК;MICRON;;Калибровка;12;Н03172;2022-04-26;2023-04-25;ОС 1.0;0;;1;СЦ-Ормет;"УНИИМ - филиал ФГУП ""ВНИИМ им. Д.И. Менделеева""";-129
2023-07-16 18:09:36.726065;Термометры;KP00005517;Штангенциркуль для внутренних канавок типа ШЦЦ-ВК 60-660;ЕКБ;ШЦЦ-ВК;MICRON;;Калибровка;12;Н03165;2023-03-06;2024-03-05;ОС 1.0;0;;1;СЦ-Ормет;"ФБУ ""УРАЛТЕСТ""";186
2023-07-16 18:09:36.726066;Термометры;KP00001769;Штангенциркуль цифровой;ЧЛБ;412821_100; Holex;71971-18;Поверка;12;Н1583899;2023-06-16;2024-06-15;офис;0;;1;СЦ-Ормет;"ФБУ ""УРАЛТЕСТ""";288
2023-07-16 18:09:36.726067;Термометры;KP00001769;Штангенциркуль цифровой;ЧЛБ;412821_100; Holex;71971-18;Поверка;12;Н1583907;2023-08-01;2024-07-31;склад;0;;1;Проммаш тест метрология;Проммаш тест метрология;334
2023-07-16 18:09:36.726068;Термометры;KP00001769;Штангенциркуль цифровой Holex, модификация 412811, 0-100 мм;Пермь;412811; Holex;62497-15;поверка;12;H1206456;2023-02-20;2024-02-19;S 1.7;0;;1;Метрология и сервис;"ФБУ ""Пермский ЦСМ""";171
2023-07-16 18:09:36.726069;Термометры;KP00001772;Штангенциркуль цифровой ШЦ.01.040005 0-150 ;ЕКБ;серии 040 005 модификации двусторонний с глубиномером;NORGAU;61563-15;Поверка;12;20200828149;2023-03-06;2024-03-05;ОС 1.4;0;;1;СЦ-Ормет;"ФБУ ""УРАЛТЕСТ""";186
2023-07-16 18:09:36.726070;Термометры;KP00001772;Штангенциркуль цифровой ШЦ.01.040005 0-150 ;ЕКБ;серии 040 005 модификации двусторонний с глубиномером;NORGAU;61563-15;Поверка;12;20200828152;2021-04-22;2022-04-21;ОС 1.4;0;;1;СЦ-Ормет;"РМЦ ""КАЛИБРОН""";-498
2023-07-16 18:09:36.726071;Термометры;KP00001770;Штангенциркуль электронный JTC AUTO TOOLS 0-150 мм;ЕКБ;3474;JTC AUTO TOOLS;;Калибровка;12;0001;2023-05-03;2024-05-02;ОС 1.3;0;;1;СЦ-Ормет;"УНИИМ - филиал ФГУП ""ВНИИМ им. Д.И. Менделеева""";244
2023-07-16 18:09:36.726072;Термометры;KP00001770;Штангенциркуль цифровой;ЧЛБ;412821_150; Holex;71971-18;Поверка;12;Н1594369;2023-06-16;2024-06-15;офис;0;;1;СЦ-Ормет;"ФБУ ""УРАЛТЕСТ""";288
2023-07-16 18:09:36.726073;Термометры;KP00001772;Штангенциркуль нониусный NORGAU, 0-150 мм, тип NCV;Пермь;;NORGAU;;поверка;12;20200828147;2023-03-20;2024-03-19;S 1.7;0;;1;Метрология и сервис;"ФБУ ""Пермский ЦСМ""";200
2023-07-16 18:09:36.726074;Термометры;DU0010365;Линейка измерительная 0-300;ЕКБ;461600-300;HOLEX;73288-18;Поверка;12;HF1520;2023-03-06;2024-03-05;ОС 1.2;0;;1;СЦ-Ормет;Автопрогресс - М;186
2023-07-16 18:09:36.726075;Термометры;DU0010365;Линейка измерительная 0-300;ЕКБ;461600-300;HOLEX;73288-18;Поверка;12;HF1519;2023-05-03;2024-05-02;ОС 1.2;0;;1;СЦ-Ормет;"УНИИМ - филиал ФГУП ""ВНИИМ им. Д.И. Менделеева""";244
2023-07-16 18:09:36.726076;Термометры;KP00003844;Линейка измерительная 0-100;ЕКБ;461800-100;HOLEX;73288-18;Поверка;12;HF1522;2021-04-29;2022-04-28;ОС 1.2;0;;1;СЦ-Ормет;Автопрогресс - М;-491
2023-07-16 18:09:36.726077;Термометры;KP00003844;Линейка измерительная 0-100;ЕКБ;461800-100;HOLEX;73288-18;Поверка;12;HF1521;2023-05-03;2024-05-02;ОС 1.2;0;;1;СЦ-Ормет;"УНИИМ - филиал ФГУП ""ВНИИМ им. Д.И. Менделеева""";244
2023-07-16 18:09:36.726078;Термометры;ZP-00000288;Набор щупов, 29 пластин 500 мм, 0,05-1,0 мм;ЕКБ;;;;Калибровка;12;76;2023-03-14;2024-03-13;ОС 1.3;0;;1;СЕНСИ ЛАБ;СЕНСИ ЛАБ;194
2023-07-16 18:09:36.726079;Термометры;KP00007471;Набор щупов №18;ЕКБ;DIN 2275;Orion;;Калибровка;12;2275;2023-03-06;2024-03-05;ОС 1.3;0;;1;СЦ-Ормет;"ФБУ ""УРАЛТЕСТ""";186
2023-07-16 18:09:36.726080;Термометры;KP00003430;Набор щупов (0.05-2) мм, 100 мм, 21 шт.;ЧЛБ;;Format;1893-88;Калибровка;12;1;2023-08-02;2024-08-01;склад;0;;1;Проммаш тест метрология;Проммаш тест метрология;335
2023-07-16 18:09:36.726081;Термометры;KP00003430;Набор щупов (0.05-2) мм, 100 мм, 21 шт.;ЧЛБ;;Format;1893-88;Калибровка;12;2;2023-08-02;2024-08-01;склад;0;;1;Проммаш тест метрология;Проммаш тест метрология;335
2023-07-16 18:09:36.726082;Термометры;ZP-00000288;Набор щупов, 29 пластин 500 мм, 0,05-1,0 мм;Пермь;;;;Калибровка;12;77;2023-03-14;2024-03-13;-;0;;1;СЕНСИ ЛАБ;СЕНСИ ЛАБ;194
2023-07-16 18:09:36.726083;Термометры;ZP-00000288;Набор щупов, 29 пластин 500 мм, 0,05-1,0 мм;Пермь;;;;Калибровка;12;78;2023-03-14;2024-03-13;-;0;;1;СЕНСИ ЛАБ;СЕНСИ ЛАБ;194
2023-07-16 18:09:36.726084;Термометры;KP00007471;Набор щупов 0,05-1,00 мм, ORION 100 мм;Пермь;;Orion;;Калибровка;12;6787;2023-02-20;2024-02-19;S 1.7;0;;1;Метрология и сервис;"ФБУ ""Пермский ЦСМ""";171
2023-07-16 18:09:36.726085;Термометры;;Набор щупов 0,05-1,00 ммх20, NORGAU 100 мм;Пермь;;NORGAU;;Калибровка;12;045158103(1);2023-05-10;2024-05-09;S 1.7;0;;1;Метрология и сервис;"ФБУ ""Пермский ЦСМ""";251
2023-07-16 18:09:36.726086;Термометры;;Набор щупов 0,05-1,00 ммх20, NORGAU 100 мм;Пермь;;NORGAU;;Калибровка;12;045158103(2);2023-06-19;2024-06-18;S 1.7;0;;1;Метрология и сервис;"ФБУ ""Пермский ЦСМ""";291
2023-07-16 18:09:36.726087;Термометры;;Манометр стрелочный Wika 111.10 0-16 bar;Пермь;;Wika;;Калибровка;12;5482FW91;2023-03-01;2024-03-01;-;0;;1;;;182
2023-07-16 18:09:36.726088;Термометры;;Манометр стрелочный STAUFF EN 837-1 0-16 bar;Пермь;;STAUFF;;Калибровка;12;4131496632;2023-01-30;2024-01-29;S 1.8;0;;1;Метрология и сервис;"ФБУ ""Пермский ЦСМ""";150
2023-07-16 18:09:36.726089;Термометры;A2V00001992323;Прибор цифровой для измерения давления DPI 705;ЕКБ;DPI 705;DRUCK;;Калибровка;12;70576984;2023-07-17;2024-07-16;ОС 1.4;1;;1;СЦ-Ормет;СЦ-Ормет;319
2023-07-16 18:09:36.726090;Мультиметры и т.д.;DU0010389;Клещи электроизмерительные WHURTH AM600 AC/DC 071553715;ЕКБ;AM 600;WURTH;;Калибровка;12;8750273;2023-03-01;2024-02-29;ОС 1.3;0;;1;СЦ-Ормет;СЦ-Ормет;181
2023-07-16 18:09:36.726091;Мультиметры и т.д.;DU0010389;Клещи электроизмерительные WHURTH AM600 AC/DC 071553715;ЧЛБ;AM 600;WURTH;;Калибровка;12;875027309200305948;2023-05-30;2024-05-29;склад;0;;1;СЦ-Ормет;СЦ-Ормет;271
2023-07-16 18:09:36.726092;Мультиметры и т.д.;DU0010389;Клещи электроизмерительные RGK CM-12;Пермь;AM 600;RGK;;Калибровка;12;20030272;2023-05-27;2024-05-26;S 1.7;0;;1;"ООО ""МИРУАР""";"ООО ""МИРУАР""";268
2023-07-16 18:09:36.726093;Мультиметры и т.д.;DU0010389;Клещи электроизмерительные RGK CM-12;Пермь;AM 600;RGK;;Калибровка;12;22030617;2023-05-03;2024-05-02;S 1.7;0;;1;"ООО ""МИРУАР""";"ООО ""МИРУАР""";244
2023-07-16 18:09:36.726094;Мультиметры и т.д.;KP00003390;Измеритель параметров изоляци Metrel MI 3200 ;ЕКБ;MI 3200 ;Metrel;42465-09;Поверка;12;19490296;2023-02-27;2024-02-26;ОС 1.1;1;;1;СЦ-Ормет;ИТЦ Уралэнергоинжиниринг;178
2023-07-16 18:09:36.726095;Мультиметры и т.д.;KP00003390;Измеритель параметров изоляци Metrel MI 3200 ;ЧЛБ;MI 3200;Metrel;57165-14;Поверка;24;21050039;2023-08-02;2025-08-01;склад;0;;1;Проммаш тест метрология;Проммаш тест метрология;700
2023-07-16 18:09:36.726096;Мультиметры и т.д.;KP00003390;Измеритель параметров изоляци Metrel MI 3200 ;Пермь;MI 3200;Metrel;42465-09;поверка;12;18290042;2023-03-13;2024-03-12;-;0;;1;;;193
2023-07-16 18:09:36.726097;Мультиметры и т.д.;KP00003799;Миллиометр МИКО-7;ЕКБ;МИКО-7;СКБ ЭП;55004-13;Поверка;12;150I;2023-03-09;2024-03-08;Кухня;1;;1;СЦ-Ормет;"ФБУ ""УРАЛТЕСТ""";189
2023-07-16 18:09:36.726098;Мультиметры и т.д.;KP00003799;Миллиометр МИКО-7;ЧЛБ;МИКО-7;СКБ ЭП;72766-18;Поверка;12;057L;2021-06-30;2024-06-29;склад;0;;1;ИНЭКС СЕРТ;;302
2023-07-16 18:09:36.726099;Мультиметры и т.д.;KP00003799;Миллиомметр МИКО-7М;Пермь;МИКО-7М;СКБ ЭП;;поверка;12;119М;2023-03-13;2024-03-12;S 1.7;0;;1;"ООО""СКБ ЭП""";"ООО""СКБ ЭП""";193
2023-07-16 18:09:36.726100;Мультиметры и т.д.;A2V00002193037;Прибор проверки изоляции BENNING IT130;ЕКБ;IT130;BENNING;;Калибровка;12;15390674;2023-08-02;2024-08-01;ОС 1.3;0;;1;Проммаш тест метрология;Проммаш тест метрология;335
2023-07-16 18:09:36.726101;Мультиметры и т.д.;;Мультиметр электроизмерительный Fluke 179TRUE RMS;ЕКБ;179;Fluke;27489-11;Поверка;12;43550168;2023-04-19;2024-04-18;У Максима Меледина;0;;1;СЦ-Ормет;СЦ-Ормет;230
2023-07-16 18:09:36.726102;Мультиметры и т.д.;KP00004696;Мультиметр электроизмерительный Fluke 117TRUE RMS;ЧЛБ;117;Fluke;42446-09;Поверка;12;53241600WS;2023-06-14;2024-06-13;Екб;0;;1;СЦ-Ормет;СЦ-Ормет;286
2023-07-16 18:09:36.726103;Мультиметры и т.д.;KP00004696;Мультиметр электроизмерительный Fluke 117TRUE RMS;ЧЛБ;117;Fluke;42446-09;Поверка;12;53241599WS;2023-08-02;2024-08-01;офис;0;;1;Проммаш тест метрология;Проммаш тест метрология;335
2023-07-16 18:09:36.726104;Мультиметры и т.д.;;Мультиметр цифровой Holex, исп. 473320;Пермь;9962;Holex;;Калибровка;12;150221123;2023-02-14;2024-02-13;S 1.7;0;;1;"ФБУ ""Пермский ЦСМ""";"ФБУ ""Пермский ЦСМ""";165
2023-07-16 18:09:36.726105;Мультиметры и т.д.;KP00004696;Мультиметр цифровой Fluke 117, 42446-09;Пермь;117;Fluke;;Поверка;12;43313302WS;2023-03-13;2024-03-12;S 1.7;0;;1;Метрология и сервис;"ФБУ ""Пермский ЦСМ""";193
2023-07-16 18:09:36.726106;Мультиметры и т.д.;KP00001930;Делитель напряжения высоковольтный FLUKE 80K-6;Пермь;80K-6;Fluke;;Калибровка;12;42630015;2023-02-08;2024-02-07;S 1.7;0;;1;"ФБУ ""Омский ЦСМ""";"ФБУ ""Омский ЦСМ""";159
2023-07-16 18:09:36.726107;Мультиметры и т.д.;KP00002959;Головка измерительная часового типа NORGAU NI-1010;ЕКБ;NI-1010;NORGAU;;Калибровка;12;372210;2023-03-10;2024-03-09;ОС 1.3;0;;1;СЦ-Ормет;"УНИИМ - филиал ФГУП ""ВНИИМ им. Д.И. Менделеева""";190
2023-07-16 18:09:36.726108;Измерения КП и шаблоны;KP00002959;Головка измерительная NORGAU 0,01-10mm;ЕКБ;23005-13;NORGAU;31523-06;Поверка;12;ATVC88;2023-03-10;2024-03-09;ОС 1.4;0;;1;СЦ-Ормет;"УНИИМ - филиал ФГУП ""ВНИИМ им. Д.И. Менделеева""";190
2023-07-16 18:09:36.726109;Измерения КП и шаблоны;KP00002959;Головка измерительная часового типа ИЧ-10;ЕКБ;ИЧ-10;"НПП ""ЧИЗ""";40149-08;Калибровка;12;5311056;2023-03-10;2024-03-09;Кухня;0;;1;СЦ-Ормет;"УНИИМ - филиал ФГУП ""ВНИИМ им. Д.И. Менделеева""";190
2023-07-16 18:09:36.726110;Измерения КП и шаблоны;KP00002959;Головка измерительная часового типа ИЧ-10;Пермь;ИЧ-10;"НПП ""ЧИЗ""";40149-08;Калибровка;12;39568;2023-05-10;2024-05-09;S 1.8;0;;1;Метрология и сервис;"ФБУ ""Пермский ЦСМ""";251
2023-07-16 18:09:36.726111;Измерения КП и шаблоны;KP00002959;Головка измерительная часового типа ИЧ-10;Пермь;ИЧ-10;"НПП ""ЧИЗ""";40149-08;Калибровка;12;55536;2023-06-20;2024-06-19;S 1.8;0;;1;Метрология и сервис;"ФБУ ""Пермский ЦСМ""";292
2023-07-16 18:09:36.726112;Измерения КП и шаблоны;KP00001946;Штангенциркуль для измерения ширины бандажа КП И475.01;ЕКБ;И475.01.00;"НПП ""ЧИЗ""";;Калибровка;12;T1;2023-04-24;2024-04-23;ОС 1.0;0;;1;СЦ-Ормет;"НПП ""ЧИЗ""";235
2023-07-16 18:09:36.726113;Измерения КП и шаблоны;KP00002671;Штангенциркуль для измерения ширины бандажа КП И475.01;ЧЛБ;И475.01.00;"НПП ""ЧИЗ""";;Калибровка;12;П10;2023-06-07;2024-06-06;склад;0;;1;"НПП ""ЧИЗ""";"НПП ""ЧИЗ""";279
2023-07-16 18:09:36.726114;Измерения КП и шаблоны;KP00001947;Шаблон универсальный УТ-1;ЕКБ; УТ-1.00.000;"НПП ""ЧИЗ""";;Калибровка;12;У24;2023-04-24;2024-04-23;ОС 1.1;0;;1;СЦ-Ормет;"НПП ""ЧИЗ""";235
2023-07-16 18:09:36.726115;Измерения КП и шаблоны;KP00001947;Шаблон универсальный УТ-1;ЧЛБ; УТ-1.00.000;"НПП ""ЧИЗ""";;Калибровка;12;265;2021-05-31;2024-05-15;склад;0;;1;"НПП ""ЧИЗ""";"НПП ""ЧИЗ""";257
2023-07-16 18:09:36.726116;Измерения КП и шаблоны;KP00004238;Мера для установок автоматизированных бесконтактных Calipri;ЕКБ;C42;NEXTSENSE GmbH, Австрия;72943-18;Поверка;24;TZ24 0580967;2023-01-11;2025-01-10;Диспетчерская;1;;1;Автопрогресс - М;Автопрогресс - М;497
2023-07-16 18:09:36.726117;Измерения КП и шаблоны;KP00004238;Установка автоматизированная бесконтактная Calipri mod. C42;ЕКБ;C42;NEXTSENSE GmbH, Австрия;74506-19;Поверка;24;C42 0460967;2023-01-16;2025-01-15;Диспетчерская;1;;1;Автопрогресс - М;Автопрогресс - М;502
2023-07-16 18:09:36.726118;Измерения КП и шаблоны;KP00004238;Установка автоматизированная бесконтактная Calipri mod. C42;ЧЛБ;C42;NEXTSENSE GmbH, Австрия;74506-19;Поверка;24;C42 0461294;2023-07-14;2025-07-13;Екб;0;;1;Автопрогресс - М;Автопрогресс - М;681
2023-07-16 18:09:36.726119;Измерения КП и шаблоны;KP00004238;Мера для установок автоматизированных бесконтактных Calipri;ЧЛБ;C42;NEXTSENSE GmbH, Австрия;72943-18;Поверка;24;TZ24 0581294;2023-07-14;2025-07-13;Екб;0;;1;Автопрогресс - М;Автопрогресс - М;681
2023-07-16 18:09:36.726120;Измерения КП и шаблоны;KP00001944;Контршаблон ШД.00.002 (профиль);ЕКБ;ШД.00.002;"НПП ""ЧИЗ""";;Калибровка;12;Д5;2023-04-25;2024-04-24;ОС1.1;0;;1;СЦ-Ормет;"НПП ""ЧИЗ""";236
2023-07-16 18:09:36.726121;Измерения КП и шаблоны;KP00001944;Шаблон (ремонтный) ШД.00.001 (профиль);ЕКБ;ШД.00.001;"НПП ""ЧИЗ""";;Калибровка;12;Д5;2023-04-25;2024-04-24;ОС1.1;0;;1;СЦ-Ормет;"НПП ""ЧИЗ""";236
2023-07-16 18:09:36.726122;Измерения КП и шаблоны;KP00001944;Контршаблон ШД.00.002 (профиль);ЧЛБ;ШД.00.002;"НПП ""ЧИЗ""";;Калибровка;12;Д3;2023-06-07;2024-06-06;склад;0;;1;"НПП ""ЧИЗ""";"НПП ""ЧИЗ""";279
2023-07-16 18:09:36.726123;Измерения КП и шаблоны;KP00001944;Шаблон (ремонтный) ШД.00.001 (профиль);ЧЛБ;ШД.00.001;"НПП ""ЧИЗ""";;Калибровка;12;Д3;2023-06-07;2024-06-06;склад;0;;1;"НПП ""ЧИЗ""";"НПП ""ЧИЗ""";279
2023-07-16 18:09:36.726124;Измерения КП и шаблоны;KP00001944;Шаблон (ремонтный) ШД.00.001 (профиль);Пермь;ШД.00.001;"НПП ""ЧИЗ""";;Калибровка;12;Д4;2021-11-08;2022-11-07;-;0;;1;"НПП ""ЧИЗ""";"НПП ""ЧИЗ""";-298
2023-07-16 18:09:36.726125;Измерения КП и шаблоны;KP00001944;Контршаблон ШД.00.002 (профиль);Пермь;ШД.00.002;"НПП ""ЧИЗ""";;Калибровка;12;Д2;2021-11-08;2022-11-07;-;0;;1;"НПП ""ЧИЗ""";"НПП ""ЧИЗ""";-298
2023-07-16 18:09:36.726126;Измерения КП и шаблоны;KP00002670;Прибор для измерения размеров колес малогабаритный автогматизированный МАИК;ЕКБ;МАИК;"НПП ""ТОРМО""";16813-97;Поверка;24;788;2021-09-15;2023-09-14;ОС1.1;1;;1;Автопрогресс - М;Автопрогресс - М;13
2023-07-16 18:09:36.726127;Измерения КП и шаблоны;KP00009695;Скоба контроля диаметра колеса цифровая;ЧЛБ;СКДК-ЦБО-810-1060;"ОИЗ ""Транспорт""";;Калибровка;3;866259;2021-08-23;2021-11-21;склад;0;;1;"ОИЗ ""Транспорт""";;-649
2023-07-16 18:09:36.726128;Измерения КП и шаблоны;KP00005264;Шаблон Т416.38.000(№873) - для сцепки;ЕКБ;;"НПП ""ЧИЗ""";;Калибровка;12;2520;2021-05-31;2022-05-30;ОС 1.0;0;;1;СЦ-Ормет;"НПП ""ЧИЗ""";-459
2023-07-16 18:09:36.726129;Измерения КП и шаблоны;KP00005264;Шаблон Т416.38.000(№873) - для сцепки;ЕКБ;;"НПП ""ЧИЗ""";;Калибровка;12;2522;2021-05-31;2022-05-30;ОС 1.0;0;;1;СЦ-Ормет;"НПП ""ЧИЗ""";-459
2023-07-16 18:09:36.726130;Измерения КП и шаблоны;A2V00001855366;Шаблон Т416.36.000(№940Р) - для сцепки;ЕКБ;;;;Калибровка;12;А35;2023-05-03;2024-05-02;ОС 1.0;0;;1;;;244
2023-07-16 18:09:36.726131;Измерения КП и шаблоны;KP00007470;Набор щупов 0,1-2,0 мм;ЕКБ;;;;Калибровка;12;0006;2023-05-04;2024-05-03;ОС 1.3;0;;1;СЦ-Ормет;"ФБУ ""УРАЛТЕСТ""";245
2023-07-16 18:09:36.726132;Измерения КП и шаблоны;KP00005603;Клин мерный 0,5-11мм;ЕКБ;598101;NORGAU;;Калибровка;12;№1;2023-07-27;2024-07-26;ОС 1.4;0;;1;СЦ-Ормет;"РМЦ ""КАЛИБРОН""";329
2023-07-16 18:09:36.726133;Измерения КП и шаблоны;A2V00001962985;Измеритель натяжения ремня VSM-1;ЕКБ;VSM-1;Continental;;Калибровка;12;124061;2023-08-02;2024-08-01;ОС 1.3;1;;1;Проммаш тест метрология;Проммаш тест метрология;335
